,sepal_length,sepal_width,petal_length,petal_width,target,tsne_1,tsne_2
0,5.1,3.5,1.4,0.2,setosa,-24.546103,0.38595676
1,4.9,3.0,1.4,0.2,setosa,-21.995268,1.238001
2,4.7,3.2,1.3,0.2,setosa,-21.829699,0.071281284
3,4.6,3.1,1.5,0.2,setosa,-21.510372,0.3355176
4,5.0,3.6,1.4,0.2,setosa,-24.538082,-0.13510704
5,5.4,3.9,1.7,0.4,setosa,-26.485235,-0.08924459
6,4.6,3.4,1.4,0.3,setosa,-22.08968,-0.53556687
7,5.0,3.4,1.5,0.2,setosa,-23.75279,0.3959952
8,4.4,2.9,1.4,0.2,setosa,-20.751112,0.45461354
9,4.9,3.1,1.5,0.1,setosa,-22.385925,0.94973856
10,5.4,3.7,1.5,0.2,setosa,-26.017014,0.5978521
11,4.8,3.4,1.6,0.2,setosa,-23.030952,-0.12795238
12,4.8,3.0,1.4,0.1,setosa,-21.653131,0.99133265
13,4.3,3.0,1.1,0.1,setosa,-20.534903,-0.113310955
14,5.8,4.0,1.2,0.2,setosa,-27.330978,0.64682597
15,5.7,4.4,1.5,0.4,setosa,-27.513268,0.08783712
16,5.4,3.9,1.3,0.4,setosa,-26.617678,0.31268206
17,5.1,3.5,1.4,0.3,setosa,-24.589533,0.33345166
18,5.7,3.8,1.7,0.3,setosa,-26.800026,0.84981287
19,5.1,3.8,1.5,0.3,setosa,-25.585173,-0.26570222
20,5.4,3.4,1.7,0.2,setosa,-25.332739,1.4022609
21,5.1,3.7,1.5,0.4,setosa,-25.259317,-0.21257156
22,4.6,3.6,1.0,0.2,setosa,-22.03743,-1.348561
23,5.1,3.3,1.7,0.5,setosa,-24.056334,1.4075547
24,4.8,3.4,1.9,0.2,setosa,-23.099707,-0.70799375
25,5.0,3.0,1.6,0.2,setosa,-22.389952,1.4855949
26,5.0,3.4,1.6,0.4,setosa,-23.863003,0.3417604
27,5.2,3.5,1.5,0.2,setosa,-24.950909,0.63601065
28,5.2,3.4,1.4,0.2,setosa,-24.57236,0.9220562
29,4.7,3.2,1.6,0.2,setosa,-22.257633,0.13343912
30,4.8,3.1,1.6,0.2,setosa,-22.226992,0.5967107
31,5.4,3.4,1.5,0.4,setosa,-25.302788,1.2767065
32,5.2,4.1,1.5,0.1,setosa,-26.664497,-0.4839079
33,5.5,4.2,1.4,0.2,setosa,-27.19576,0.01344854
34,4.9,3.1,1.5,0.2,setosa,-22.448206,0.88447493
35,5.0,3.2,1.2,0.2,setosa,-23.0195,1.2272292
36,5.5,3.5,1.3,0.2,setosa,-25.897718,1.2434335
37,4.9,3.6,1.4,0.1,setosa,-24.01864,-0.42922854
38,4.4,3.0,1.3,0.2,setosa,-20.823183,0.1455155
39,5.1,3.4,1.5,0.2,setosa,-24.162731,0.71084607
40,5.0,3.5,1.3,0.3,setosa,-24.156412,0.0024270157
41,4.5,2.3,1.3,0.3,setosa,-20.368988,1.1365209
42,4.4,3.2,1.3,0.2,setosa,-21.121126,-0.35975456
43,5.0,3.5,1.6,0.6,setosa,-24.54732,-0.7751184
44,5.1,3.8,1.9,0.4,setosa,-25.809258,-0.9669073
45,4.8,3.0,1.4,0.3,setosa,-21.67087,0.9797988
46,5.1,3.8,1.6,0.2,setosa,-25.664701,-0.34994277
47,4.6,3.2,1.4,0.2,setosa,-21.649466,-0.05170562
48,5.3,3.7,1.5,0.2,setosa,-25.764072,0.38949487
49,5.0,3.3,1.4,0.2,setosa,-23.386635,0.69709116
50,7.0,3.2,4.7,1.4,versicolor,11.394113,1.3132449
51,6.4,3.2,4.5,1.5,versicolor,9.728067,0.8602626
52,6.9,3.1,4.9,1.5,versicolor,11.681542,0.8571422
53,5.5,2.3,4.0,1.3,versicolor,4.675506,1.9834965
54,6.5,2.8,4.6,1.5,versicolor,10.239589,0.65480995
55,5.7,2.8,4.5,1.3,versicolor,6.944683,1.6873739
56,6.3,3.3,4.7,1.6,versicolor,9.754598,0.12570822
57,4.9,2.4,3.3,1.0,versicolor,3.1583529,2.3443828
58,6.6,2.9,4.6,1.3,versicolor,10.373435,1.1157513
59,5.2,2.7,3.9,1.4,versicolor,4.895952,2.7066865
60,5.0,2.0,3.5,1.0,versicolor,3.333397,2.4477353
61,5.9,3.0,4.2,1.5,versicolor,7.065151,1.1320881
62,6.0,2.2,4.0,1.0,versicolor,4.6601043,0.5874211
63,6.1,2.9,4.7,1.4,versicolor,8.839646,0.28852955
64,5.6,2.9,3.6,1.3,versicolor,4.5747595,2.391821
65,6.7,3.1,4.4,1.4,versicolor,10.400117,1.4731073
66,5.6,3.0,4.5,1.5,versicolor,7.1701007,1.9367805
67,5.8,2.7,4.1,1.0,versicolor,5.430682,1.1115992
68,6.2,2.2,4.5,1.5,versicolor,7.4189615,-1.0058792
69,5.6,2.5,3.9,1.1,versicolor,4.6629033,1.5453627
70,5.9,3.2,4.8,1.8,versicolor,9.351996,-1.1778295
71,6.1,2.8,4.0,1.3,versicolor,6.2173643,0.6983057
72,6.3,2.5,4.9,1.5,versicolor,10.6287155,-0.90450513
73,6.1,2.8,4.7,1.2,versicolor,8.519021,0.50158757
74,6.4,2.9,4.3,1.3,versicolor,9.16608,1.3933696
75,6.6,3.0,4.4,1.4,versicolor,10.070634,1.3668385
76,6.8,2.8,4.8,1.4,versicolor,11.209039,0.81526023
77,6.7,3.0,5.0,1.7,versicolor,12.107757,-0.044804502
78,6.0,2.9,4.5,1.5,versicolor,8.140619,0.66030335
79,5.7,2.6,3.5,1.0,versicolor,3.9577928,1.431562
80,5.5,2.4,3.8,1.1,versicolor,4.2829986,1.7773643
81,5.5,2.4,3.7,1.0,versicolor,4.027735,1.7564381
82,5.8,2.7,3.9,1.2,versicolor,5.1960435,1.3084182
83,6.0,2.7,5.1,1.6,versicolor,10.508151,-2.0284648
84,5.4,3.0,4.5,1.5,versicolor,6.897309,2.4098184
85,6.0,3.4,4.5,1.6,versicolor,8.901192,-0.16553523
86,6.7,3.1,4.7,1.5,versicolor,10.963923,0.9706317
87,6.3,2.3,4.4,1.3,versicolor,7.2635803,-0.7495846
88,5.6,3.0,4.1,1.3,versicolor,6.10926,1.8777
89,5.5,2.5,4.0,1.3,versicolor,5.0027614,2.054994
90,5.5,2.6,4.4,1.2,versicolor,5.918297,2.3772635
91,6.1,3.0,4.6,1.4,versicolor,8.729385,0.5320343
92,5.8,2.6,4.0,1.2,versicolor,5.234223,1.2719928
93,5.0,2.3,3.3,1.0,versicolor,3.2022953,2.290334
94,5.6,2.7,4.2,1.3,versicolor,5.7671804,1.9696501
95,5.7,3.0,4.2,1.2,versicolor,6.3386035,1.5478945
96,5.7,2.9,4.2,1.3,versicolor,6.297281,1.593971
97,6.2,2.9,4.3,1.3,versicolor,8.256844,1.181329
98,5.1,2.5,3.0,1.1,versicolor,3.0117393,2.2493057
99,5.7,2.8,4.1,1.3,versicolor,5.8311133,1.5794057
100,6.3,3.3,6.0,2.5,virginica,15.3343315,-3.8372805
101,5.8,2.7,5.1,1.9,virginica,10.1088915,-2.702857
102,7.1,3.0,5.9,2.1,virginica,16.487415,-2.405808
103,6.3,2.9,5.6,1.8,virginica,13.169899,-2.7407877
104,6.5,3.0,5.8,2.2,virginica,14.782585,-3.0214727
105,7.6,3.0,6.6,2.1,virginica,17.936115,-2.6811714
106,4.9,2.5,4.5,1.7,virginica,5.987698,3.4345977
107,7.3,2.9,6.3,1.8,virginica,17.447243,-2.2100441
108,6.7,2.5,5.8,1.8,virginica,13.51217,-3.5249016
109,7.2,3.6,6.1,2.5,virginica,16.84793,-3.3825736
110,6.5,3.2,5.1,2.0,virginica,13.601107,-1.4381465
111,6.4,2.7,5.3,1.9,virginica,12.611851,-2.1818078
112,6.8,3.0,5.5,2.1,virginica,14.974026,-2.1584299
113,5.7,2.5,5.0,2.0,virginica,9.815259,-3.011654
114,5.8,2.8,5.1,2.4,virginica,10.322918,-3.4554043
115,6.4,3.2,5.3,2.3,virginica,14.367793,-2.3955386
116,6.5,3.0,5.5,1.8,virginica,13.515503,-2.3889906
117,7.7,3.8,6.7,2.2,virginica,17.87685,-3.4366467
118,7.7,2.6,6.9,2.3,virginica,18.311817,-2.5238445
119,6.0,2.2,5.0,1.5,virginica,8.711772,-2.181856
120,6.9,3.2,5.7,2.3,virginica,15.766561,-2.5640717
121,5.6,2.8,4.9,2.0,virginica,9.660465,-2.8920846
122,7.7,2.8,6.7,2.0,virginica,18.109135,-2.5337222
123,6.3,2.7,4.9,1.8,virginica,10.8565445,-1.3824503
124,6.7,3.3,5.7,2.1,virginica,15.396667,-2.6834335
125,7.2,3.2,6.0,1.8,virginica,16.901535,-2.2161834
126,6.2,2.8,4.8,1.8,virginica,10.319613,-1.2407625
127,6.1,3.0,4.9,1.8,virginica,10.005347,-1.4201198
128,6.4,2.8,5.6,2.1,virginica,13.859672,-2.8838577
129,7.2,3.0,5.8,1.6,virginica,16.807774,-1.8158416
130,7.4,2.8,6.1,1.9,virginica,17.351133,-2.1805227
131,7.9,3.8,6.4,2.0,virginica,17.862356,-3.4260426
132,6.4,2.8,5.6,2.2,virginica,14.0665245,-2.9244244
133,6.3,2.8,5.1,1.5,virginica,11.151204,-1.1900381
134,6.1,2.6,5.6,1.4,virginica,11.863581,-2.8889303
135,7.7,3.0,6.1,2.3,virginica,17.562305,-2.735597
136,6.3,3.4,5.6,2.4,virginica,14.876334,-3.634185
137,6.4,3.1,5.5,1.8,virginica,13.464366,-2.4043946
138,6.0,3.0,4.8,1.8,virginica,9.672105,-1.333844
139,6.9,3.1,5.4,2.1,virginica,15.14412,-1.8900794
140,6.7,3.1,5.6,2.4,virginica,15.189941,-2.6984074
141,6.9,3.1,5.1,2.3,virginica,14.761653,-1.4131255
142,5.8,2.7,5.1,1.9,virginica,10.1088915,-2.702857
143,6.8,3.2,5.9,2.3,virginica,15.904785,-2.9522002
144,6.7,3.3,5.7,2.5,virginica,15.535788,-3.2019877
145,6.7,3.0,5.2,2.3,virginica,14.517712,-1.7244874
146,6.3,2.5,5.0,1.9,virginica,11.170159,-1.8370637
147,6.5,3.0,5.2,2.0,virginica,13.5247345,-1.7364165
148,6.2,3.4,5.4,2.3,virginica,14.493966,-3.6696384
149,5.9,3.0,5.1,1.8,virginica,10.058948,-2.1393104
